,country,abbr
0,ASCENSION ISLAND,AC
1,AFGHANISTAN,AF
2,ALAND,AX
3,ALBANIA,AL
4,ALGERIA,DZ
5,ANDORRA,AD
6,ANGOLA,AO
7,ANGUILLA,AI
8,ANTARCTICA,AQ
9,ANTIGUA AND BARBUDA,AG
10,ARGENTINA REPUBLIC,AR
11,ARMENIA,AM
12,ARUBA,AW
13,AUSTRALIA,AU
14,AUSTRIA,AT
15,AZERBAIJAN,AZ
16,BAHAMAS,BS
17,BAHRAIN,BH
18,BANGLADESH,BD
19,BARBADOS,BB
20,BELARUS,BY
21,BELGIUM,BE
22,BELIZE,BZ
23,BENIN,BJ
24,BERMUDA,BM
25,BHUTAN,BT
26,BOLIVIA,BO
27,BOSNIA AND HERZEGOVINA,BA
28,BOTSWANA,BW
29,BOUVET ISLAND,BV
30,BRAZIL,BR
31,BRITISH INDIAN OCEAN TERR,IO
32,BRITISH VIRGIN ISLANDS,VG
33,BRUNEI DARUSSALAM,BN
34,BULGARIA,BG
35,BURKINA FASO,BF
36,BURUNDI,BI
37,CAMBODIA,KH
38,CAMEROON,CM
39,CANADA,CA
40,CAPE VERDE,CV
41,CAYMAN ISLANDS,KY
42,CENTRAL AFRICAN REPUBLIC,CF
43,CHAD,TD
44,CHILE,CL
45,PEOPLE’S REPUBLIC OF CHINA,CN
46,CHRISTMAS ISLANDS,CX
47,COCOS ISLANDS,CC
48,COLOMBIA,CO
49,COMORAS,KM
50,CONGO,CG
51,CONGO (DEMOCRATIC REPUBLIC),CD
52,COOK ISLANDS,CK
53,COSTA RICA,CR
54,COTE D IVOIRE,CI
55,CROATIA,HR
56,CUBA,CU
57,CYPRUS,CY
58,CZECH REPUBLIC,CZ
59,DENMARK,DK
60,DJIBOUTI,DJ
61,DOMINICA,DM
62,DOMINICAN REPUBLIC,DO
63,EAST TIMOR,TP
64,ECUADOR,EC
65,EGYPT,EG
66,EL SALVADOR,SV
67,EQUATORIAL GUINEA,GQ
68,ESTONIA,EE
69,ETHIOPIA,ET
70,FALKLAND ISLANDS,FK
71,FAROE ISLANDS,FO
72,FIJI,FJ
73,FINLAND,FI
74,FRANCE,FR
75,FRANCE METROPOLITAN,FX
76,FRENCH GUIANA,GF
77,FRENCH POLYNESIA,PF
78,FRENCH SOUTHERN TERRITORIES,TF
79,GABON,GA
80,GAMBIA,GM
81,GEORGIA,GE
82,GERMANY,DE
83,GHANA,GH
84,GIBRALTAR,GI
85,GREECE,GR
86,GREENLAND,GL
87,GRENADA,GD
88,GUADELOUPE,GP
89,GUAM,GU
90,GUATEMALA,GT
91,GUINEA,GN
92,GUINEA-BISSAU,GW
93,GUYANA,GY
94,HAITI,HT
95,HEARD & MCDONALD ISLAND,HM
96,HONDURAS,HN
97,HONG KONG,HK
98,HUNGARY,HU
99,ICELAND,IS
100,INDIA,IN
101,INDONESIA,ID
102,"IRAN, ISLAMIC REPUBLIC OF",IR
103,IRAQ,IQ
104,IRELAND,IE
105,ISLE OF MAN,IM
106,ISRAEL,IL
107,ITALY,IT
108,JAMAICA,JM
109,JAPAN,JP
110,JORDAN,JO
111,KAZAKHSTAN,KZ
112,KENYA,KE
113,KIRIBATI,KI
114,"KOREA, DEM. PEOPLES REP OF",KP
115,"KOREA, REPUBLIC OF",KR
116,KUWAIT,KW
117,KYRGYZSTAN,KG
118,LAO PEOPLE’S DEM. REPUBLIC,LA
119,LATVIA,LV
120,LEBANON,LB
121,LESOTHO,LS
122,LIBERIA,LR
123,LIBYAN ARAB JAMAHIRIYA,LY
124,LIECHTENSTEIN,LI
125,LITHUANIA,LT
126,LUXEMBOURG,LU
127,MACAO,MO
128,MACEDONIA,MK
129,MADAGASCAR,MG
130,MALAWI,MW
131,MALAYSIA,MY
132,MALDIVES,MV
133,MALI,ML
134,MALTA,MT
135,MARSHALL ISLANDS,MH
136,MARTINIQUE,MQ
137,MAURITANIA,MR
138,MAURITIUS,MU
139,MAYOTTE,YT
140,MEXICO,MX
141,MICRONESIA,FM
142,MOLDAVA REPUBLIC OF,MD
143,MONACO,MC
144,MONGOLIA,MN
145,MONTENEGRO,ME
146,MONTSERRAT,MS
147,MOROCCO,MA
148,MOZAMBIQUE,MZ
149,MYANMAR,MM
150,NAMIBIA,NA
151,NAURU,NR
152,NEPAL,NP
153,NETHERLANDS ANTILLES,AN
154,"NETHERLANDS, THE",NL
155,NEW CALEDONIA,NC
156,NEW ZEALAND,NZ
157,NICARAGUA,NI
158,NIGER,NE
159,NIGERIA,NG
160,NIUE,NU
161,NORFOLK ISLAND,NF
162,NORTHERN MARIANA ISLANDS,MP
163,NORWAY,NO
164,OMAN,OM
165,PAKISTAN,PK
166,PALAU,PW
167,PALESTINE,PS
168,PANAMA,PA
169,PAPUA NEW GUINEA,PG
170,PARAGUAY,PY
171,PERU,PE
172,PHILIPPINES (REPUBLIC OF THE),PH
173,PITCAIRN,PN
174,POLAND,PL
175,PORTUGAL,PT
176,PUERTO RICO,PR
177,QATAR,QA
178,REUNION,RE
179,ROMANIA,RO
180,RUSSIAN FEDERATION,RU
181,RWANDA,RW
182,SAMOA,WS
183,SAN MARINO,SM
184,SAO TOME/PRINCIPE,ST
185,SAUDI ARABIA,SA
186,SCOTLAND,UK
187,SENEGAL,SN
188,SERBIA,RS
189,SEYCHELLES,SC
190,SIERRA LEONE,SL
191,SINGAPORE,SG
192,SLOVAKIA,SK
193,SLOVENIA,SI
194,SOLOMON ISLANDS,SB
195,SOMALIA,SO
196,"SOMOA,GILBERT,ELLICE ISLANDS",AS
197,SOUTH AFRICA,ZA
198,"SOUTH GEORGIA, SOUTH SANDWICH ISLANDS",GS
199,SOVIET UNION,SU
200,SPAIN,ES
201,SRI LANKA,LK
202,ST. HELENA,SH
203,ST. KITTS AND NEVIS,KN
204,ST. LUCIA,LC
205,ST. PIERRE AND MIQUELON,PM
206,ST. VINCENT & THE GRENADINES,VC
207,SUDAN,SD
208,SURINAME,SR
209,SVALBARD AND JAN MAYEN,SJ
210,SWAZILAND,SZ
211,SWEDEN,SE
212,SWITZERLAND,CH
213,SYRIAN ARAB REPUBLIC,SY
214,TAIWAN,TW
215,TAJIKISTAN,TJ
216,"TANZANIA, UNITED REPUBLIC OF",TZ
217,THAILAND,TH
218,TOGO,TG
219,TOKELAU,TK
220,TONGA,TO
221,TRINIDAD AND TOBAGO,TT
222,TUNISIA,TN
223,TURKEY,TR
224,TURKMENISTAN,TM
225,TURKS AND CAICOS ISLANDS,TC
226,TUVALU,TV
227,UGANDA,UG
228,UKRAINE,UA
229,UNITED ARAB EMIRATES,AE
230,UNITED KINGDOM (no new registrations),GB
231,UNITED KINGDOM,UK
232,UNITED STATES,US
233,UNITED STATES MINOR OUTL.IS.,UM
234,URUGUAY,UY
235,UZBEKISTAN,UZ
236,VANUATU,VU
237,VATICAN CITY STATE,VA
238,VENEZUELA,VE
239,VIETNAM,VN
240,VIRGIN ISLANDS (USA),VI
241,WALLIS AND FUTUNA ISLANDS,WF
242,WESTERN SAHARA,EH
243,YEMEN,YE
244,ZAMBIA,ZM
245,ZIMBABWE,ZW
